insert into tb_goodsinfo(gid, goodsprice, store, goodsname, goodsdescription, status) values('2316118', '34.1', '589', '疫情原因 发货待定 四川塔罗科血橙 新鲜水果 净重2.5斤装 果径70-80mm 2单合发1件5斤装 偶数件发货 奥奇健', '疫情原因 发货待定 四川塔罗科血橙 新鲜水果 净重2.5斤装 果径70-80mm 2单合发1件5斤装 偶数件发货 奥奇健', 0);
insert into tb_goodsimages(giid, url, gid, status) values('3602626', '/images/39e13795-8da6-4b8b-b796-e7607c7ea012.jpg', '2316118', 0);
insert into tb_goodsinfo(gid, goodsprice, store, goodsname, goodsdescription, status) values('770878', '87.8', '834', '【天府生鲜】甘肃花牛苹果 粉面苹果 75#-80#左右2.5斤 粉面香甜 西沛水果', '【天府生鲜】甘肃花牛苹果 粉面苹果 75#-80#左右2.5斤 粉面香甜 西沛水果', 0);
insert into tb_goodsimages(giid, url, gid, status) values('5914726', '/images/21088ce7-1877-4697-a0d7-e99ecfa14254.jpg', '770878', 0);
insert into tb_goodsinfo(gid, goodsprice, store, goodsname, goodsdescription, status) values('2349848', '82.6', '853', '绝世原味火山石烤肠地道肠台式肉肠热狗香肠烧烤脆皮肠3斤批发', '绝世原味火山石烤肠地道肠台式肉肠热狗香肠烧烤脆皮肠3斤批发', 0);
insert into tb_goodsimages(giid, url, gid, status) values('1511918', '/images/73ebfd80-a045-49fb-abb8-5ec24f081fc8.jpg', '2349848', 0);
insert into tb_goodsinfo(gid, goodsprice, store, goodsname, goodsdescription, status) values('4337202', '96.8', '569', '绝世厚切牛肉片肥牛片雪花烧烤火锅新鲜牛肉酸汤肥牛原料130克*5袋', '绝世厚切牛肉片肥牛片雪花烧烤火锅新鲜牛肉酸汤肥牛原料130克*5袋', 0);
insert into tb_goodsimages(giid, url, gid, status) values('5957680', '/images/d48608ca-674d-4ac7-98a4-ec809cdb42e3.jpg', '4337202', 0);
insert into tb_goodsinfo(gid, goodsprice, store, goodsname, goodsdescription, status) values('5010766', '29.0', '683', '大希地 家家爱好虾仁500g*1袋 大颗饱满白虾仁翡翠虾仁 新鲜仿佛刚出水 肉质紧实 大餐 南美虾仁 较高包冰率', '大希地 家家爱好虾仁500g*1袋 大颗饱满白虾仁翡翠虾仁 新鲜仿佛刚出水 肉质紧实 大餐 南美虾仁 较高包冰率', 0);
insert into tb_goodsimages(giid, url, gid, status) values('1395465', '/images/092e99c2-290e-4f4a-b99c-21bb4006e407.jpg', '5010766', 0);
insert into tb_goodsinfo(gid, goodsprice, store, goodsname, goodsdescription, status) values('5495231', '88.4', '429', '【预售 】品珍鲜活 越南黑虎虾毛重约900g 冷冻生鲜虾进口海鲜水产约20-25只装净重700g海鲜大虾', '【预售 】品珍鲜活 越南黑虎虾毛重约900g 冷冻生鲜虾进口海鲜水产约20-25只装净重700g海鲜大虾', 0);
insert into tb_goodsimages(giid, url, gid, status) values('3819242', '/images/cde75ae3-0f98-4832-89ba-919e3ac6f98f.jpg', '5495231', 0);
insert into tb_goodsinfo(gid, goodsprice, store, goodsname, goodsdescription, status) values('4315764', '2.3', '299', '好拾味 葱味手抓饼台湾风味手抓饼面饼 早餐面饼 手抓饼皮10片装*2 葱味', '好拾味 葱味手抓饼台湾风味手抓饼面饼 早餐面饼 手抓饼皮10片装*2 葱味', 0);
insert into tb_goodsimages(giid, url, gid, status) values('3592675', '/images/d55c1837-b4c0-438c-a482-b15fff9fce72.jpg', '4315764', 0);
insert into tb_goodsinfo(gid, goodsprice, store, goodsname, goodsdescription, status) values('1623564', '74.9', '948', '【4袋装】好拾味手打潮汕牛肉丸牛筋丸火锅食材 涮火锅丸子 烧烤丸串', '【4袋装】好拾味手打潮汕牛肉丸牛筋丸火锅食材 涮火锅丸子 烧烤丸串', 0);
insert into tb_goodsimages(giid, url, gid, status) values('3504947', '/images/f82ae81b-2803-430d-85a9-72c593dd9a1c.jpg', '1623564', 0);
insert into tb_goodsinfo(gid, goodsprice, store, goodsname, goodsdescription, status) values('1724474', '16.3', '351', '来伊份虎皮蛋糕168g糕点零食奶香夹心蛋糕美食早餐软点心小包装', '来伊份虎皮蛋糕168g糕点零食奶香夹心蛋糕美食早餐软点心小包装', 0);
insert into tb_goodsimages(giid, url, gid, status) values('1057871', '/images/46c5d8b3-89c9-4102-af30-e8d2ebd8bbf2.jpg', '1724474', 0);
insert into tb_goodsinfo(gid, goodsprice, store, goodsname, goodsdescription, status) values('4007574', '49.5', '988', '【三只松鼠_猪肉脯自然片150g】休闲零食小吃靖江风味熟食猪肉干', '【三只松鼠_猪肉脯自然片150g】休闲零食小吃靖江风味熟食猪肉干', 0);
insert into tb_goodsimages(giid, url, gid, status) values('5181409', '/images/dcce34bb-dc4a-4fcc-9d0c-dd2a214dc6df.jpg', '4007574', 0);
insert into tb_goodsinfo(gid, goodsprice, store, goodsname, goodsdescription, status) values('2035874', '47.9', '880', '【三只松鼠_开心果100g】休闲零食每日坚果特产炒货干果孕妇无漂白', '【三只松鼠_开心果100g】休闲零食每日坚果特产炒货干果孕妇无漂白', 0);
insert into tb_goodsimages(giid, url, gid, status) values('1895187', '/images/8170700f-210c-4110-b5cb-0d7144cd5f96.jpg', '2035874', 0);
insert into tb_goodsinfo(gid, goodsprice, store, goodsname, goodsdescription, status) values('4748233', '72.3', '681', '【百草味-芒果干120gx3袋】果脯蜜饯水果干条芒果片 休闲零食', '【百草味-芒果干120gx3袋】果脯蜜饯水果干条芒果片 休闲零食', 0);
insert into tb_goodsimages(giid, url, gid, status) values('2929468', '/images/89c9712a-2133-4472-a267-c230360d3e61.jpg', '4748233', 0);
insert into tb_goodsinfo(gid, goodsprice, store, goodsname, goodsdescription, status) values('2506872', '8.1', '815', '【良品铺子】原味酥脆薄饼300g*1盒 休闲零食咸味饼干零食饼干糕点包装', '【良品铺子】原味酥脆薄饼300g*1盒 休闲零食咸味饼干零食饼干糕点包装', 0);
insert into tb_goodsimages(giid, url, gid, status) values('286069', '/images/66fb38c9-a4db-4455-9d7d-104dcabf9400.jpg', '2506872', 0);
insert into tb_goodsinfo(gid, goodsprice, store, goodsname, goodsdescription, status) values('4596237', '8.5', '761', '【家乐福】哈利克斯棒棒糖跳跳糖组合（什锦水果味）12g', '【家乐福】哈利克斯棒棒糖跳跳糖组合（什锦水果味）12g', 0);
insert into tb_goodsimages(giid, url, gid, status) values('2430178', '/images/5a9f42d9-398a-4610-9cb0-3c45374bf5d6.jpg', '4596237', 0);
insert into tb_goodsinfo(gid, goodsprice, store, goodsname, goodsdescription, status) values('3822260', '25.9', '886', '俄罗斯进口KDV奶球糖500g榛子果酱夹心糖果零食结婚喜糖', '俄罗斯进口KDV奶球糖500g榛子果酱夹心糖果零食结婚喜糖', 0);
insert into tb_goodsimages(giid, url, gid, status) values('5521154', '/images/cfc28dfa-e1fe-44b2-bb7b-a8632fce967f.jpg', '3822260', 0);
insert into tb_goodsinfo(gid, goodsprice, store, goodsname, goodsdescription, status) values('5448183', '58.5', '271', '达利园 蛋糕 蛋香味 福建特产营养食品点心早餐糕点600g 面包办公休闲小吃零食礼盒', '达利园 蛋糕 蛋香味 福建特产营养食品点心早餐糕点600g 面包办公休闲小吃零食礼盒', 0);
insert into tb_goodsimages(giid, url, gid, status) values('4251644', '/images/f358f7fd-abf7-494c-a50c-8a5adb9dff93.jpg', '5448183', 0);
insert into tb_goodsinfo(gid, goodsprice, store, goodsname, goodsdescription, status) values('3254728', '23.6', '585', '贵州茅台 汉酱 51度500ml 单瓶装 酱香型白酒（新老包装随机发货）', '贵州茅台 汉酱 51度500ml 单瓶装 酱香型白酒（新老包装随机发货）', 0);
insert into tb_goodsimages(giid, url, gid, status) values('66765', '/images/5bf48940-5ba2-4b7f-a7d1-67f925852b89.jpg', '3254728', 0);
insert into tb_goodsinfo(gid, goodsprice, store, goodsname, goodsdescription, status) values('5372743', '93.3', '545', '古越龙山 绍兴黄酒 花雕酒糯米酒 半甜型 清醇三年 500ml*6瓶 整箱装 送礼佳品', '古越龙山 绍兴黄酒 花雕酒糯米酒 半甜型 清醇三年 500ml*6瓶 整箱装 送礼佳品', 0);
insert into tb_goodsimages(giid, url, gid, status) values('5969261', '/images/988b8828-d87f-46fc-8874-222fc9a4fff2.jpg', '5372743', 0);
insert into tb_goodsinfo(gid, goodsprice, store, goodsname, goodsdescription, status) values('4828597', '98.4', '69', '锐澳（RIO）洋酒 鸡尾酒 预调酒 微醺系列组合 330ml*8罐（微醺4种口味*2）', '锐澳（RIO）洋酒 鸡尾酒 预调酒 微醺系列组合 330ml*8罐（微醺4种口味*2）', 0);
insert into tb_goodsimages(giid, url, gid, status) values('3534711', '/images/fbff2ba8-f4b4-4b6a-bd22-9c159fb057e7.jpg', '4828597', 0);
insert into tb_goodsinfo(gid, goodsprice, store, goodsname, goodsdescription, status) values('4579969', '85.7', '785', '西凤酒55度绿瓶盒装 凤香型白酒 整箱500ml*6盒', '西凤酒55度绿瓶盒装 凤香型白酒 整箱500ml*6盒', 0);
insert into tb_goodsimages(giid, url, gid, status) values('672928', '/images/b705c357-a647-4d5c-88ee-357e4a9cd961.jpg', '4579969', 0);
insert into tb_goodsinfo(gid, goodsprice, store, goodsname, goodsdescription, status) values('4814211', '73.0', '255', '洋河(YangHe) 蓝色经典 海之蓝42度 单瓶盒装白酒 480ml 口感绵柔浓香型（新老包装随机发货）', '洋河(YangHe) 蓝色经典 海之蓝42度 单瓶盒装白酒 480ml 口感绵柔浓香型（新老包装随机发货）', 0);
insert into tb_goodsimages(giid, url, gid, status) values('3059283', '/images/cd281b50-8f40-444d-b587-0b0e7fbe9843.jpg', '4814211', 0);
insert into tb_goodsinfo(gid, goodsprice, store, goodsname, goodsdescription, status) values('5414586', '44.1', '470', '贵州习酒 红习酱1952 53度 500m*6 整箱装 酱香型白酒 （新老包装随机发货）', '贵州习酒 红习酱1952 53度 500m*6 整箱装 酱香型白酒 （新老包装随机发货）', 0);
insert into tb_goodsimages(giid, url, gid, status) values('338270', '/images/7f15a945-82ab-4e2d-a055-067e4c641a42.jpg', '5414586', 0);
insert into tb_goodsinfo(gid, goodsprice, store, goodsname, goodsdescription, status) values('109476', '92.2', '539', '剑南春 水晶剑 52度 500ml 浓香型 白酒 单瓶装', '剑南春 水晶剑 52度 500ml 浓香型 白酒 单瓶装', 0);
insert into tb_goodsimages(giid, url, gid, status) values('5048006', '/images/b237bc3c-73c9-4915-bc48-4f2bef48435c.jpg', '109476', 0);
insert into tb_goodsinfo(gid, goodsprice, store, goodsname, goodsdescription, status) values('5880036', '52.7', '436', '法国原装进口红酒 梦诺蓝色星空干红葡萄酒750ml*6 整箱装', '法国原装进口红酒 梦诺蓝色星空干红葡萄酒750ml*6 整箱装', 0);
insert into tb_goodsimages(giid, url, gid, status) values('4959139', '/images/b0d27e43-ab18-4940-8c27-f17e55fdd7c7.jpg', '5880036', 0);
insert into tb_goodsinfo(gid, goodsprice, store, goodsname, goodsdescription, status) values('4552089', '55.5', '603', 'Arla爱氏晨曦 全脂纯牛奶1L*12盒整箱 德国进口', 'Arla爱氏晨曦 全脂纯牛奶1L*12盒整箱 德国进口', 0);
insert into tb_goodsimages(giid, url, gid, status) values('3466451', '/images/47a04335-e91b-4413-9536-2120bd6d97ce.jpg', '4552089', 0);
insert into tb_goodsinfo(gid, goodsprice, store, goodsname, goodsdescription, status) values('5081708', '26.9', '298', '德运（Devondale）全脂纯牛奶1L*10盒整箱 澳洲进口', '德运（Devondale）全脂纯牛奶1L*10盒整箱 澳洲进口', 0);
insert into tb_goodsimages(giid, url, gid, status) values('157683', '/images/2acd49bb-68a3-4c20-a481-a5db9912fcb3.jpg', '5081708', 0);
insert into tb_goodsinfo(gid, goodsprice, store, goodsname, goodsdescription, status) values('4454767', '56.4', '671', '新西兰进口Theland纽仕兰3.5g蛋白质高钙全脂纯牛奶（家庭装）250ml*24盒', '新西兰进口Theland纽仕兰3.5g蛋白质高钙全脂纯牛奶（家庭装）250ml*24盒', 0);
insert into tb_goodsimages(giid, url, gid, status) values('4654866', '/images/02124913-5609-42e8-8b9d-f01ecf31bf50.jpg', '4454767', 0);
insert into tb_goodsinfo(gid, goodsprice, store, goodsname, goodsdescription, status) values('4009141', '5.1', '973', '【12+4盒】 伊利 安慕希希腊风味酸牛奶原味205g*16盒', '【12+4盒】 伊利 安慕希希腊风味酸牛奶原味205g*16盒', 0);
insert into tb_goodsimages(giid, url, gid, status) values('1654998', '/images/c5a735b1-6acd-4e28-b65a-13758d7bc49f.jpg', '4009141', 0);
insert into tb_goodsinfo(gid, goodsprice, store, goodsname, goodsdescription, status) values('5192877', '83.9', '67', '伊利金典纯牛奶礼盒装250ml*12', '伊利金典纯牛奶礼盒装250ml*12', 0);
insert into tb_goodsimages(giid, url, gid, status) values('1155554', '/images/cc113c16-22c3-4d28-a193-f2202dac3a7b.jpg', '5192877', 0);
insert into tb_goodsinfo(gid, goodsprice, store, goodsname, goodsdescription, status) values('4209405', '80.7', '819', '安佳（Anchor）全脂纯牛奶250ml*24盒整箱 新西兰进口 牛奶', '安佳（Anchor）全脂纯牛奶250ml*24盒整箱 新西兰进口 牛奶', 0);
insert into tb_goodsimages(giid, url, gid, status) values('4252072', '/images/d301113a-9104-45c1-a5b7-4c4cebb1d93f.jpg', '4209405', 0);
insert into tb_goodsinfo(gid, goodsprice, store, goodsname, goodsdescription, status) values('5341485', '13.4', '784', '伊利安慕希常温酸牛奶礼盒装205g*12 整箱', '伊利安慕希常温酸牛奶礼盒装205g*12 整箱', 0);
insert into tb_goodsimages(giid, url, gid, status) values('1215109', '/images/571d1137-c098-45b7-b31e-6bffd4358ecf.jpg', '5341485', 0);
insert into tb_goodsinfo(gid, goodsprice, store, goodsname, goodsdescription, status) values('446009', '32.8', '891', '尼平河全脂牛奶1L*12 甄喜系列 德国原装进口 整箱 常温全脂纯牛奶', '尼平河全脂牛奶1L*12 甄喜系列 德国原装进口 整箱 常温全脂纯牛奶', 0);
insert into tb_goodsimages(giid, url, gid, status) values('3552839', '/images/86424644-7a11-42b1-af39-2ec2cf6b99eb.jpg', '446009', 0);
insert into tb_goodsinfo(gid, goodsprice, store, goodsname, goodsdescription, status) values('450029', '52.3', '300', '燕之坊核桃芝麻黑豆粉250g*2罐装 五谷杂粮代餐粉 饱腹代餐', '燕之坊核桃芝麻黑豆粉250g*2罐装 五谷杂粮代餐粉 饱腹代餐', 0);
insert into tb_goodsimages(giid, url, gid, status) values('696954', '/images/63f0ccd0-50f2-4305-b3ab-5793daaf4be2.jpg', '450029', 0);
insert into tb_goodsinfo(gid, goodsprice, store, goodsname, goodsdescription, status) values('2605847', '90.3', '947', '桂格（Quaker）早餐谷物 膳食纤维 即食燕麦片 袋装1478g【新老包装交替发货】', '桂格（Quaker）早餐谷物 膳食纤维 即食燕麦片 袋装1478g【新老包装交替发货】', 0);
insert into tb_goodsimages(giid, url, gid, status) values('2287539', '/images/2f91d931-edb0-4379-8001-8eed0a936f3c.jpg', '2605847', 0);
insert into tb_goodsinfo(gid, goodsprice, store, goodsname, goodsdescription, status) values('5745661', '99.8', '381', '【名仁】苏打水泡腾片弱碱性自制苏打水柠檬味（木糖醇）饮料24片', '【名仁】苏打水泡腾片弱碱性自制苏打水柠檬味（木糖醇）饮料24片', 0);
insert into tb_goodsimages(giid, url, gid, status) values('4469640', '/images/61a2ba98-e3cd-4055-a617-c3af0daf9991.jpg', '5745661', 0);
insert into tb_goodsinfo(gid, goodsprice, store, goodsname, goodsdescription, status) values('913889', '74.3', '812', '农夫山泉天然饮用水5L*4 整箱装', '农夫山泉天然饮用水5L*4 整箱装', 0);
insert into tb_goodsimages(giid, url, gid, status) values('1456544', '/images/0f6b54e7-6102-4004-82c8-b21ec5e7c33b.jpg', '913889', 0);
insert into tb_goodsinfo(gid, goodsprice, store, goodsname, goodsdescription, status) values('410625', '81.2', '744', '【天地精华】 天然矿泉水350ml*20瓶/箱 弱碱性饮用水非纯净水整箱装', '【天地精华】 天然矿泉水350ml*20瓶/箱 弱碱性饮用水非纯净水整箱装', 0);
insert into tb_goodsimages(giid, url, gid, status) values('3172969', '/images/beff5858-d701-4c58-9c6e-4a97d7cd47af.jpg', '410625', 0);
insert into tb_goodsinfo(gid, goodsprice, store, goodsname, goodsdescription, status) values('3968328', '25.0', '590', '屈臣氏（Watsons）盐味苏打汽水330mlX4罐', '屈臣氏（Watsons）盐味苏打汽水330mlX4罐', 0);
insert into tb_goodsimages(giid, url, gid, status) values('1672633', '/images/37bf7129-15af-45ca-9d43-f8a1de5b598e.jpg', '3968328', 0);
insert into tb_goodsinfo(gid, goodsprice, store, goodsname, goodsdescription, status) values('2618903', '66.1', '499', '维他（Vita） 柠檬茶250ml*6瓶', '维他（Vita） 柠檬茶250ml*6瓶', 0);
insert into tb_goodsimages(giid, url, gid, status) values('2707611', '/images/10c6a76c-bda3-47fe-abcf-f1bf2706d69b.jpg', '2618903', 0);
insert into tb_goodsinfo(gid, goodsprice, store, goodsname, goodsdescription, status) values('2091113', '75.1', '24', '零度可口可乐300ml*12瓶', '零度可口可乐300ml*12瓶', 0);
insert into tb_goodsimages(giid, url, gid, status) values('5166227', '/images/09aca40c-4d65-4732-88e2-0dad18f88ccf.jpg', '2091113', 0);
insert into tb_goodsinfo(gid, goodsprice, store, goodsname, goodsdescription, status) values('2720721', '13.4', '504', '福临门 臻选东北大米5kg', '福临门 臻选东北大米5kg', 0);
insert into tb_goodsimages(giid, url, gid, status) values('10511', '/images/dd5edfcf-e86e-4181-a830-39fbf256642b.jpg', '2720721', 0);
insert into tb_goodsinfo(gid, goodsprice, store, goodsname, goodsdescription, status) values('2750973', '78.8', '625', '富虹油品玉米胚芽油1.8L 非转基因压榨粮油 玉米油 食用油', '富虹油品玉米胚芽油1.8L 非转基因压榨粮油 玉米油 食用油', 0);
insert into tb_goodsimages(giid, url, gid, status) values('2362265', '/images/6708cdf0-dac5-4bd1-85b3-ee9e832c1641.jpg', '2750973', 0);
insert into tb_goodsinfo(gid, goodsprice, store, goodsname, goodsdescription, status) values('2079261', '59.3', '174', '金龙鱼北国雾淞小町10kg 袋装粳米 东北吉林大米 寿司香米 自营', '金龙鱼北国雾淞小町10kg 袋装粳米 东北吉林大米 寿司香米 自营', 0);
insert into tb_goodsimages(giid, url, gid, status) values('732849', '/images/de6935ac-5432-4edc-9460-13d832de6c45.jpg', '2079261', 0);
insert into tb_goodsinfo(gid, goodsprice, store, goodsname, goodsdescription, status) values('1307175', '36.2', '954', '【2019新米上市】十月稻田稻花香大米 5kg东北大米东北稻花香米', '【2019新米上市】十月稻田稻花香大米 5kg东北大米东北稻花香米', 0);
insert into tb_goodsimages(giid, url, gid, status) values('3008848', '/images/555477ab-4e6a-4a13-9676-4a8e79e34222.jpg', '1307175', 0);
insert into tb_goodsinfo(gid, goodsprice, store, goodsname, goodsdescription, status) values('2772023', '64.7', '712', '想念面粉 特一小麦粉2.5kg 家用面粉 多用途小麦粉 饺子粉', '想念面粉 特一小麦粉2.5kg 家用面粉 多用途小麦粉 饺子粉', 0);
insert into tb_goodsimages(giid, url, gid, status) values('3397853', '/images/7ba2bf6e-f6f7-4565-b1f1-cb6e27a9e40d.jpg', '2772023', 0);
insert into tb_goodsinfo(gid, goodsprice, store, goodsname, goodsdescription, status) values('3238894', '39.7', '849', '【年货送礼】盛耳（shenger） 菌菇干货礼盒装580g 银耳 黑木耳等山珍喜福如意 福建土特产', '【年货送礼】盛耳（shenger） 菌菇干货礼盒装580g 银耳 黑木耳等山珍喜福如意 福建土特产', 0);
insert into tb_goodsimages(giid, url, gid, status) values('4632290', '/images/a72eb404-c18a-44a7-8fac-0113026aa492.jpg', '3238894', 0);
insert into tb_goodsinfo(gid, goodsprice, store, goodsname, goodsdescription, status) values('5115614', '71.6', '758', '雪都天然黑木耳500g东北特产黑木耳货干肉厚', '雪都天然黑木耳500g东北特产黑木耳货干肉厚', 0);
insert into tb_goodsimages(giid, url, gid, status) values('891096', '/images/5881f8c0-1114-4940-aee9-503318d77681.jpg', '5115614', 0);
insert into tb_goodsinfo(gid, goodsprice, store, goodsname, goodsdescription, status) values('1766405', '68.4', '101', '民华黑珍 优质中菇250g 南北干货 香菇 蘑菇 山珍菌菇 煲汤烹饪食材', '民华黑珍 优质中菇250g 南北干货 香菇 蘑菇 山珍菌菇 煲汤烹饪食材', 0);
insert into tb_goodsimages(giid, url, gid, status) values('5271486', '/images/3e731117-79c1-49d9-82e7-f8022916edd0.jpg', '1766405', 0);
insert into tb_goodsinfo(gid, goodsprice, store, goodsname, goodsdescription, status) values('4003950', '28.0', '891', '百雀羚(PECHOIN)小雀幸静润补水保湿面膜25ml*10片（补水保湿 通用 护肤 各种肤质 面膜贴）', '百雀羚(PECHOIN)小雀幸静润补水保湿面膜25ml*10片（补水保湿 通用 护肤 各种肤质 面膜贴）', 0);
insert into tb_goodsimages(giid, url, gid, status) values('5023534', '/images/26686fa7-496f-4b36-9e68-1952cb6afa01.jpg', '4003950', 0);
insert into tb_goodsinfo(gid, goodsprice, store, goodsname, goodsdescription, status) values('2156259', '74.4', '571', '韩国JM solution肌司研莹润蜂胶面膜（黑臻版） 30ml*10片', '韩国JM solution肌司研莹润蜂胶面膜（黑臻版） 30ml*10片', 0);
insert into tb_goodsimages(giid, url, gid, status) values('1685513', '/images/5067078e-8ee0-4883-8086-79c5174b7ae8.jpg', '2156259', 0);
insert into tb_goodsinfo(gid, goodsprice, store, goodsname, goodsdescription, status) values('1006147', '6.3', '262', '百雀羚(PECHOIN)水嫩倍现臻美套装 (洁面95g+水100ml+乳100ml）通用 护肤套装 保湿补水 护肤控油', '百雀羚(PECHOIN)水嫩倍现臻美套装 (洁面95g+水100ml+乳100ml）通用 护肤套装 保湿补水 护肤控油', 0);
insert into tb_goodsimages(giid, url, gid, status) values('6737', '/images/76e7c14b-3ed2-4fb9-9f06-c9810b083da8.jpg', '1006147', 0);
insert into tb_goodsinfo(gid, goodsprice, store, goodsname, goodsdescription, status) values('2674054', '56.1', '331', '后Whoo拱辰享水沄系列化妆品护肤礼盒(309ml+2g)6件套改善浮肿状态;紧肤淡皱;控油平衡;', '后Whoo拱辰享水沄系列化妆品护肤礼盒(309ml+2g)6件套改善浮肿状态;紧肤淡皱;控油平衡;', 0);
insert into tb_goodsimages(giid, url, gid, status) values('3745175', '/images/661c5f17-ec5c-44d2-8f9a-163d51328a47.jpg', '2674054', 0);
insert into tb_goodsinfo(gid, goodsprice, store, goodsname, goodsdescription, status) values('5482984', '17.0', '108', '自然堂（CHANDO）雪域水乳套装 面部护肤品化妆品正品旗舰店 滋润保湿补水套装 女', '自然堂（CHANDO）雪域水乳套装 面部护肤品化妆品正品旗舰店 滋润保湿补水套装 女', 0);
insert into tb_goodsimages(giid, url, gid, status) values('5875930', '/images/db0b3734-9c5e-40ec-941a-4901363a9b82.jpg', '5482984', 0);
insert into tb_goodsinfo(gid, goodsprice, store, goodsname, goodsdescription, status) values('2649925', '44.9', '392', '芙丽芳丝(Freeplus)净润洗面霜 100g 氨基酸系洗面奶 日本洁面乳 补水保湿 深层清洁 男女通用', '芙丽芳丝(Freeplus)净润洗面霜 100g 氨基酸系洗面奶 日本洁面乳 补水保湿 深层清洁 男女通用', 0);
insert into tb_goodsimages(giid, url, gid, status) values('4115936', '/images/48c6feeb-73bf-40db-a329-ce326bfdf9f4.jpg', '2649925', 0);
insert into tb_goodsinfo(gid, goodsprice, store, goodsname, goodsdescription, status) values('4406609', '61.8', '502', '京润珍珠（gNPearl）纯珍珠粉 5g*20袋(微米级) 补水保湿祛斑淡痘印去淡斑面膜粉男女士化妆品提亮肤色', '京润珍珠（gNPearl）纯珍珠粉 5g*20袋(微米级) 补水保湿祛斑淡痘印去淡斑面膜粉男女士化妆品提亮肤色', 0);
insert into tb_goodsimages(giid, url, gid, status) values('3028072', '/images/25d21edb-4736-4188-941b-7ab7181587e9.jpg', '4406609', 0);
insert into tb_goodsinfo(gid, goodsprice, store, goodsname, goodsdescription, status) values('5577128', '41.6', '690', '百雀羚(PECHOIN)水嫩倍现保湿精华乳液100ml（保湿补水 滋润营养 护肤 通用 各种肤质）', '百雀羚(PECHOIN)水嫩倍现保湿精华乳液100ml（保湿补水 滋润营养 护肤 通用 各种肤质）', 0);
insert into tb_goodsimages(giid, url, gid, status) values('1639483', '/images/e9ba8eb5-5955-4279-a391-eea2fe0fd780.jpg', '5577128', 0);
insert into tb_goodsinfo(gid, goodsprice, store, goodsname, goodsdescription, status) values('4056085', '95.6', '806', '七度空间（SPACE7）少女系列 超薄 338mm超长夜用 大包装 12片 卫生巾姨妈巾', '七度空间（SPACE7）少女系列 超薄 338mm超长夜用 大包装 12片 卫生巾姨妈巾', 0);
insert into tb_goodsimages(giid, url, gid, status) values('1127070', '/images/64b1586b-3b1f-4b57-92bd-9ba7bdc9e97a.jpg', '4056085', 0);
insert into tb_goodsinfo(gid, goodsprice, store, goodsname, goodsdescription, status) values('1169646', '56.1', '611', '七度空间(SPACE 7)优雅系列 超薄 丝柔 245mm日用32片卫生巾姨妈巾 大包装', '七度空间(SPACE 7)优雅系列 超薄 丝柔 245mm日用32片卫生巾姨妈巾 大包装', 0);
insert into tb_goodsimages(giid, url, gid, status) values('1237311', '/images/21b54107-392c-4b5f-be0b-144b74e33377.jpg', '1169646', 0);
insert into tb_goodsinfo(gid, goodsprice, store, goodsname, goodsdescription, status) values('3284405', '16.5', '401', '黑人（DARLIE）双重薄荷牙膏225g*3【好来化工出品】', '黑人（DARLIE）双重薄荷牙膏225g*3【好来化工出品】', 0);
insert into tb_goodsimages(giid, url, gid, status) values('396609', '/images/5c858fa6-ac2a-444e-a20d-428aeba62281.jpg', '3284405', 0);
insert into tb_goodsinfo(gid, goodsprice, store, goodsname, goodsdescription, status) values('3456360', '69.3', '740', '舒肤佳1.5升纯白沐浴露', '舒肤佳1.5升纯白沐浴露', 0);
insert into tb_goodsimages(giid, url, gid, status) values('2142164', '/images/2239130e-b328-4f05-a7a6-00bf0af76930.jpg', '3456360', 0);
insert into tb_goodsinfo(gid, goodsprice, store, goodsname, goodsdescription, status) values('4360561', '99.2', '39', '凡士林（VASELINE）经典修护晶冻50g 滋润营养【联合利华】', '凡士林（VASELINE）经典修护晶冻50g 滋润营养【联合利华】', 0);
insert into tb_goodsimages(giid, url, gid, status) values('5000032', '/images/c400c8d3-6ad3-4c29-818f-5754d3ef0e9a.jpg', '4360561', 0);
insert into tb_goodsinfo(gid, goodsprice, store, goodsname, goodsdescription, status) values('2876552', '59.7', '399', 'ABC卫生巾 日用+夜用组合女神定制装纤薄棉柔系列组合装9包62片姨妈巾 国产', 'ABC卫生巾 日用+夜用组合女神定制装纤薄棉柔系列组合装9包62片姨妈巾 国产', 0);
insert into tb_goodsimages(giid, url, gid, status) values('5207508', '/images/b105771a-5aa2-44f3-843b-7359e8944854.jpg', '2876552', 0);
insert into tb_goodsinfo(gid, goodsprice, store, goodsname, goodsdescription, status) values('1384599', '47.3', '501', '欧莱雅(LOREAL)奇焕润发精油（针对受损发质）100ml（滋养秀发）', '欧莱雅(LOREAL)奇焕润发精油（针对受损发质）100ml（滋养秀发）', 0);
insert into tb_goodsimages(giid, url, gid, status) values('2369857', '/images/4968dc00-acb1-48b5-9a8a-e8671da553b9.jpg', '1384599', 0);
insert into tb_goodsinfo(gid, goodsprice, store, goodsname, goodsdescription, status) values('654146', '89.7', '633', '海飞丝洗发水清爽去油750ml 去屑洗发水露洗头膏 持久去屑止痒清爽控油 柠檬香 男士女士通用', '海飞丝洗发水清爽去油750ml 去屑洗发水露洗头膏 持久去屑止痒清爽控油 柠檬香 男士女士通用', 0);
insert into tb_goodsimages(giid, url, gid, status) values('2066218', '/images/86fa53c4-bbfc-46dd-8689-3f531907c4fb.jpg', '654146', 0);
insert into tb_goodsinfo(gid, goodsprice, store, goodsname, goodsdescription, status) values('2761828', '25.2', '504', '维达（Vinda） 抽纸 苏宁定制超韧三层132抽*18包纸巾 小规格整箱销售（新旧包装交替发货）', '维达（Vinda） 抽纸 苏宁定制超韧三层132抽*18包纸巾 小规格整箱销售（新旧包装交替发货）', 0);
insert into tb_goodsimages(giid, url, gid, status) values('4706168', '/images/8860fbb6-a621-4f44-a169-a9174585dcd2.jpg', '2761828', 0);
insert into tb_goodsinfo(gid, goodsprice, store, goodsname, goodsdescription, status) values('396425', '71.8', '854', '清风 抽纸 淡绿花二层200抽*20包小规格(短幅)抽取式卫生纸巾餐巾纸擦手纸面巾纸家庭装（整箱销售）', '清风 抽纸 淡绿花二层200抽*20包小规格(短幅)抽取式卫生纸巾餐巾纸擦手纸面巾纸家庭装（整箱销售）', 0);
insert into tb_goodsimages(giid, url, gid, status) values('2980251', '/images/00f41d9a-a633-4310-897a-f8d3e9491fe6.jpg', '396425', 0);
insert into tb_goodsinfo(gid, goodsprice, store, goodsname, goodsdescription, status) values('3384007', '8.5', '112', '汰渍全效360°洗衣液洁雅百合香型洗衣液3kgx2 宝洁官方正品', '汰渍全效360°洗衣液洁雅百合香型洗衣液3kgx2 宝洁官方正品', 0);
insert into tb_goodsimages(giid, url, gid, status) values('1510337', '/images/aa90a126-0839-4d12-a2f0-ca93d16dbaa6.jpg', '3384007', 0);
insert into tb_goodsinfo(gid, goodsprice, store, goodsname, goodsdescription, status) values('1985591', '41.6', '351', '卫新 薰衣草洗衣液 4.26kg 机洗净白亮色柔顺护衣威露士出品', '卫新 薰衣草洗衣液 4.26kg 机洗净白亮色柔顺护衣威露士出品', 0);
insert into tb_goodsimages(giid, url, gid, status) values('566347', '/images/505f5457-0051-42ef-9734-6471cee65a03.jpg', '1985591', 0);
insert into tb_goodsinfo(gid, goodsprice, store, goodsname, goodsdescription, status) values('4745962', '32.8', '151', '清风 抽纸 原木纯品二层150抽*20包小规格(短幅)抽取式纸巾（整箱销售）', '清风 抽纸 原木纯品二层150抽*20包小规格(短幅)抽取式纸巾（整箱销售）', 0);
insert into tb_goodsimages(giid, url, gid, status) values('1043088', '/images/44dacdfc-0274-497d-863c-093a2489fedc.jpg', '4745962', 0);
insert into tb_goodsinfo(gid, goodsprice, store, goodsname, goodsdescription, status) values('1730844', '75.1', '836', '【16斤+礼包】奥妙(OMO) 除菌除螨洗衣液 3kg*2+1kg*2+衣物洗护赠品礼包【联合利华】', '【16斤+礼包】奥妙(OMO) 除菌除螨洗衣液 3kg*2+1kg*2+衣物洗护赠品礼包【联合利华】', 0);
insert into tb_goodsimages(giid, url, gid, status) values('4183054', '/images/df136749-ddd9-4716-92fc-e6abc1e698b5.jpg', '1730844', 0);
insert into tb_goodsinfo(gid, goodsprice, store, goodsname, goodsdescription, status) values('683766', '67.2', '647', '清风 抽纸 淡绿花二层200抽*20包小规格(短幅)抽取式纸巾（整箱销售）', '清风 抽纸 淡绿花二层200抽*20包小规格(短幅)抽取式纸巾（整箱销售）', 0);
insert into tb_goodsimages(giid, url, gid, status) values('3153237', '/images/d6b5debe-3e97-415f-a3da-bd637bdfe3c0.jpg', '683766', 0);
insert into tb_goodsinfo(gid, goodsprice, store, goodsname, goodsdescription, status) values('2077136', '69.1', '137', '清风 手帕纸 中国城市热爱系列 4层7张12包 限量款', '清风 手帕纸 中国城市热爱系列 4层7张12包 限量款', 0);
insert into tb_goodsimages(giid, url, gid, status) values('1023961', '/images/7d4904ab-3f48-489e-b2ee-a62d8bb7c920.jpg', '2077136', 0);
insert into tb_goodsinfo(gid, goodsprice, store, goodsname, goodsdescription, status) values('2405577', '84.9', '588', '汤臣倍健(BY-HEALTH) 蛋白粉 450克+150*2罐 共750克 增强免疫力 保健品营养品', '汤臣倍健(BY-HEALTH) 蛋白粉 450克+150*2罐 共750克 增强免疫力 保健品营养品', 0);
insert into tb_goodsimages(giid, url, gid, status) values('5405004', '/images/60ec25bb-ebb0-4fba-a619-bdadc2a2a85a.jpg', '2405577', 0);
insert into tb_goodsinfo(gid, goodsprice, store, goodsname, goodsdescription, status) values('3976428', '78.6', '600', '欧姆龙(OMRON)电子血压计 U10K 上臂式家用智能加压全自动测量血压仪 高血压报警', '欧姆龙(OMRON)电子血压计 U10K 上臂式家用智能加压全自动测量血压仪 高血压报警', 0);
insert into tb_goodsimages(giid, url, gid, status) values('3686336', '/images/1f6c28d4-3b93-4145-b7f2-c8ca0b958243.jpg', '3976428', 0);
insert into tb_goodsinfo(gid, goodsprice, store, goodsname, goodsdescription, status) values('4391025', '32.6', '477', '鱼跃（yuwell）电子血压计 YE660D语音血压仪 家用上臂式高精准全自动智能老人测量血压仪器', '鱼跃（yuwell）电子血压计 YE660D语音血压仪 家用上臂式高精准全自动智能老人测量血压仪器', 0);
insert into tb_goodsimages(giid, url, gid, status) values('159802', '/images/aa1d7954-290e-462f-b630-5941ad5be666.jpg', '4391025', 0);
insert into tb_goodsinfo(gid, goodsprice, store, goodsname, goodsdescription, status) values('5294553', '67.0', '588', '丰凯园实业 宁夏特产中宁红枸杞子茶 特级500g罐装 正宗头茬免洗大粒 苏宁自营配送', '丰凯园实业 宁夏特产中宁红枸杞子茶 特级500g罐装 正宗头茬免洗大粒 苏宁自营配送', 0);
insert into tb_goodsimages(giid, url, gid, status) values('4930920', '/images/9571bd83-5d85-4907-847e-ea5579589551.jpg', '5294553', 0);
insert into tb_goodsinfo(gid, goodsprice, store, goodsname, goodsdescription, status) values('2587655', '61.6', '951', '欧姆龙(OMRON)电子体温计 MC-347 婴儿宝宝成人全家测温 儿童适用直肠式温度计', '欧姆龙(OMRON)电子体温计 MC-347 婴儿宝宝成人全家测温 儿童适用直肠式温度计', 0);
insert into tb_goodsimages(giid, url, gid, status) values('1240464', '/images/ebba0fd7-76fb-4c9c-a37b-75283a2ab5e7.jpg', '2587655', 0);
insert into tb_goodsinfo(gid, goodsprice, store, goodsname, goodsdescription, status) values('1096868', '49.6', '410', '青源堂 精选品质冬虫夏草 4条/g 5g礼盒装 青海玉树高海拔野生虫草', '青源堂 精选品质冬虫夏草 4条/g 5g礼盒装 青海玉树高海拔野生虫草', 0);
insert into tb_goodsimages(giid, url, gid, status) values('4064609', '/images/e99149c1-360d-441b-b5b3-7fe9951e1852.jpg', '1096868', 0);
insert into tb_goodsinfo(gid, goodsprice, store, goodsname, goodsdescription, status) values('5829093', '6.4', '455', '江中猴姑 五谷养生营养品 早餐米稀 营养米糊(15袋)15天装 450g 猴姑米稀 代餐麦片 营养米稀 猴菇 早餐米稀', '江中猴姑 五谷养生营养品 早餐米稀 营养米糊(15袋)15天装 450g 猴姑米稀 代餐麦片 营养米稀 猴菇 早餐米稀', 0);
insert into tb_goodsimages(giid, url, gid, status) values('4790624', '/images/74436b5a-dbb2-4098-b0ba-0925331412c4.jpg', '5829093', 0);
insert into tb_goodsinfo(gid, goodsprice, store, goodsname, goodsdescription, status) values('3702583', '44.7', '384', '康富来牌 血尔口服液 76ml*8瓶礼盒装 保健礼品 健康礼盒 营养滋补', '康富来牌 血尔口服液 76ml*8瓶礼盒装 保健礼品 健康礼盒 营养滋补', 0);
insert into tb_goodsimages(giid, url, gid, status) values('5029354', '/images/09a4da59-e943-4d52-bcfe-8911b5ff6471.jpg', '3702583', 0);

insert into tb_userinfo(uid, name, sex, password, tel, status) values(111, 'lyhtest', '0', '123', '111111', 0);

insert into tb_orderinfo(oid, uid, date, orderprogress, amount, status) values(1, 111, now(), '已支付', 12390, 0);
insert into tb_orderdetails(odid, price, number, gid, oid, status) values(1, 10, 3, 1169646, 1, 0);
insert into tb_orderdetails(odid, price, number, gid, oid, status) values(2, 6, 5, 2761828, 1, 0);
insert into tb_orderdetails(odid, price, number, gid, oid, status) values(3, 340, 75, 3976428, 1, 0);
insert into tb_orderdetails(odid, price, number, gid, oid, status) values(4, 34, 55, 5294553, 1, 0);
insert into tb_orderdetails(odid, price, number, gid, oid, status) values(5, 47, 25, 3702583, 1, 0);
insert into tb_orderdetails(odid, price, number, gid, oid, status) values(6, 450, 23, 1730844, 1, 0);
insert into tb_orderdetails(odid, price, number, gid, oid, status) values(7, 62, 123, 1384599, 1, 0);